pid,img_url
12,https://photos.zillowstatic.com/fp/3e697290756901d855dd132bfe8a20c3-cc_ft_960.jpg
12,https://photos.zillowstatic.com/fp/3437fb7a162df429d01ccc5fba40f1d7-cc_ft_576.jpg
12,https://photos.zillowstatic.com/fp/3d3a3b3e8f8a9a2707155f39dd0dd765-cc_ft_576.jpg
12,https://photos.zillowstatic.com/fp/14778ff61cf195de8c0eb766d1ddbd5d-cc_ft_960.jpg
12,https://photos.zillowstatic.com/fp/13e2d15c53b247f75e4b18d5ee7c902b-cc_ft_576.jpg
12,https://photos.zillowstatic.com/fp/7f737988e80b05e994aa94a5df4fcc1a-cc_ft_576.jpg
12,https://photos.zillowstatic.com/fp/f731bfee7365122a6fbff8209d24464b-cc_ft_960.jpg
12,https://photos.zillowstatic.com/fp/f8e5a1787e0846a371858fa752c24a77-cc_ft_576.jpg
12,https://photos.zillowstatic.com/fp/ad402af1125ba34d2151129f0e361584-cc_ft_576.jpg
12,https://photos.zillowstatic.com/fp/16b6cb512ca259711363fa227fb86d45-cc_ft_960.jpg
12,https://photos.zillowstatic.com/fp/549836c9952150fe01b9f8f47e57aacd-cc_ft_576.jpg
12,https://photos.zillowstatic.com/fp/1721aa64de4ac670c8a31b3cf5de8a07-cc_ft_576.jpg
12,https://photos.zillowstatic.com/fp/cb3b31932639fcb4c8730eab7d8cf942-cc_ft_960.jpg
12,https://photos.zillowstatic.com/fp/e4b45c84dd14a4e15dfa7f63a30e27cd-cc_ft_576.jpg
12,https://photos.zillowstatic.com/fp/e030e51a4697b0d0fd87e6021fbee84d-cc_ft_576.jpg
12,https://photos.zillowstatic.com/fp/f26694ebc7f2b84cf23f47461e550359-cc_ft_960.jpg
12,https://photos.zillowstatic.com/fp/a94c360f30d476546cf38993b337cd95-cc_ft_576.jpg
12,https://photos.zillowstatic.com/fp/3b19d980feb25b05ccd221ea12f03212-cc_ft_576.jpg
12,https://photos.zillowstatic.com/fp/2e2701c452af2c24f2a1caa3c9c926c9-cc_ft_960.jpg
12,https://photos.zillowstatic.com/fp/9c85cf87e91360695c1e57a6d3fd0c76-cc_ft_576.jpg
12,https://photos.zillowstatic.com/fp/60b5bf166740d974abd9fb3e62f0138c-cc_ft_576.jpg
12,https://photos.zillowstatic.com/fp/ea204c5c2c5acba89956dda746ca8733-cc_ft_960.jpg
12,https://photos.zillowstatic.com/fp/a2928224bc2ff4da113d803eb760bad3-cc_ft_576.jpg
12,https://photos.zillowstatic.com/fp/2053a8e48b222299c18772fc47e31d58-cc_ft_576.jpg
12,https://photos.zillowstatic.com/fp/c48187e6afff8baf102182e08e48436b-cc_ft_960.jpg
3918,https://photos.zillowstatic.com/fp/8101e061839970e52be1edc014281a18-cc_ft_960.jpg
3918,https://photos.zillowstatic.com/fp/a7a0f4def9346dd5a16fba77fc02aa3f-cc_ft_576.jpg
3918,https://photos.zillowstatic.com/fp/b8a554d4d897f843a911ee5e0a7ec2c9-cc_ft_576.jpg
3918,https://photos.zillowstatic.com/fp/d24b2d57d4b3476f008a3181cbdf0653-cc_ft_960.jpg
3918,https://photos.zillowstatic.com/fp/05df9d79566dcc600e68d0139f51d70b-cc_ft_576.jpg
3918,https://photos.zillowstatic.com/fp/a1a49d3b7d13c6db29bd6204617b1930-cc_ft_576.jpg
3918,https://photos.zillowstatic.com/fp/5251f2a44df4b79aa511e10817332f28-cc_ft_960.jpg
3918,https://photos.zillowstatic.com/fp/8ca81bd48ff826983ac7159ea8e1c95b-cc_ft_576.jpg
3918,https://photos.zillowstatic.com/fp/9587624df805bebaa7cd9ecd20b34d6b-cc_ft_576.jpg
3918,https://photos.zillowstatic.com/fp/9fa325677339d7230979fa021b620bab-cc_ft_960.jpg
3918,https://photos.zillowstatic.com/fp/8096d3249a0c58991189fb9de79ddfd1-cc_ft_576.jpg
3918,https://photos.zillowstatic.com/fp/736e016fba791d7d4fed86cbb803ac60-cc_ft_576.jpg
3918,https://photos.zillowstatic.com/fp/f2dfcadc797c16a06459698b27d643f9-cc_ft_960.jpg
3918,https://photos.zillowstatic.com/fp/ab4aba2fd23e405fd3d5595e91612d6d-cc_ft_576.jpg
3918,https://photos.zillowstatic.com/fp/a83512a957632871151fd5be65e63412-cc_ft_576.jpg
3918,https://photos.zillowstatic.com/fp/578c20d17583201b4c23269cc438dddb-cc_ft_960.jpg
3918,https://photos.zillowstatic.com/fp/334dd36c6ee37cfe51e9539e993b3d34-cc_ft_576.jpg
3918,https://photos.zillowstatic.com/fp/14ec0c06c02d88500fa9332f9bfa2981-cc_ft_576.jpg
4717,https://photos.zillowstatic.com/fp/e94456402a6e742eac812864fe19ac8d-cc_ft_960.jpg
4717,https://photos.zillowstatic.com/fp/93ad0929477e41b08c041148c7c16b74-cc_ft_576.jpg
4717,https://photos.zillowstatic.com/fp/6f08e1afbff98881ebb2291cbaf3dfeb-cc_ft_576.jpg
4717,https://photos.zillowstatic.com/fp/03f0c4c46f13d1a369c8445c07772cee-cc_ft_960.jpg
4717,https://photos.zillowstatic.com/fp/c9defcabad9bf8a3d087c5120e9bc1e9-cc_ft_576.jpg
4717,https://photos.zillowstatic.com/fp/1b34e5e956ede5499503b9e088b71499-cc_ft_576.jpg
4717,https://photos.zillowstatic.com/fp/02041a5f2b69feb900389b4c97c81c6e-cc_ft_960.jpg
4717,https://photos.zillowstatic.com/fp/ec4ec286f1387219f6e6f439c8039f8e-cc_ft_576.jpg
4717,https://photos.zillowstatic.com/fp/bc697703ee372e023c431bfd059dfe6a-cc_ft_576.jpg
4717,https://photos.zillowstatic.com/fp/cd92ee60f7821f7434fccad586c31b61-cc_ft_960.jpg
4717,https://photos.zillowstatic.com/fp/b97c34db55c058bdce9d95e7447bdc12-cc_ft_576.jpg
4717,https://photos.zillowstatic.com/fp/c879d77f7f091129b1e60f53411a7905-cc_ft_576.jpg
4717,https://photos.zillowstatic.com/fp/1f52a1312b82bb64d6c7a4cf4b56170d-cc_ft_960.jpg
4717,https://photos.zillowstatic.com/fp/88aaeca2604c03134d4013fd927e3622-cc_ft_576.jpg
4717,https://photos.zillowstatic.com/fp/3e1c1cc4dc8f13bb466eca0176ef400a-cc_ft_576.jpg
4717,https://photos.zillowstatic.com/fp/9aec4bc888bb5d5b1e2b3b62627b81f8-cc_ft_960.jpg
4717,https://photos.zillowstatic.com/fp/a99ac380e1f493a94f6e635cc5f73b4a-cc_ft_576.jpg
4717,https://photos.zillowstatic.com/fp/10842d5d0ac3b9a744bc8d9ebb20cf4c-cc_ft_576.jpg
4717,https://photos.zillowstatic.com/fp/a3a5b6b099f7e31ee7d1d691da7ce8ca-cc_ft_960.jpg
4369,https://photos.zillowstatic.com/fp/3fe17ccd9d133cf22ba8e7b3b335deba-cc_ft_960.jpg
4369,https://photos.zillowstatic.com/fp/cd8043ca7d288f8f83a6fd1b7865224d-cc_ft_576.jpg
4369,https://photos.zillowstatic.com/fp/ebf639ad3056de52951726e6dd2eb0c7-cc_ft_576.jpg
4369,https://photos.zillowstatic.com/fp/e81aaa7f3b4c6b14bffb52fecace531a-cc_ft_960.jpg
4369,https://photos.zillowstatic.com/fp/077ca40166157c7e7e60377a57c628ae-cc_ft_576.jpg
4369,https://photos.zillowstatic.com/fp/d72eb6793da40ce76868e740291b448e-cc_ft_576.jpg
4369,https://photos.zillowstatic.com/fp/dc59378e3df447a336fde3ae84101ef0-cc_ft_960.jpg
4369,https://photos.zillowstatic.com/fp/4b827dca19efa8a2582ae94458e6b491-cc_ft_576.jpg
4369,https://photos.zillowstatic.com/fp/ef8a71bc4ca3d23ab224ae8900ec8b3c-cc_ft_576.jpg
4369,https://photos.zillowstatic.com/fp/31e8370ac7b747ad00d1b933cda9ba75-cc_ft_960.jpg
4369,https://photos.zillowstatic.com/fp/d326948b3afe2444ac435ea4986f3c13-cc_ft_576.jpg
4369,https://photos.zillowstatic.com/fp/815b314e53991d9e0c4a82a920d99f79-cc_ft_576.jpg
4369,https://photos.zillowstatic.com/fp/d1950d5222af6aafe32518cf30efb3f4-cc_ft_960.jpg
4369,https://photos.zillowstatic.com/fp/5baeda43d7d5d6fbbc1f5976e6a38da1-cc_ft_576.jpg
4369,https://photos.zillowstatic.com/fp/0c5b4ec52019b6adff00a9812d8444c2-cc_ft_576.jpg
4369,https://photos.zillowstatic.com/fp/7e805df05d37dfa67b44e2857f827c49-cc_ft_960.jpg
4369,https://photos.zillowstatic.com/fp/8dd5e96a7b0088ea932567043b46b59e-cc_ft_576.jpg
4369,https://photos.zillowstatic.com/fp/494d243e9d3cfd94a1e9a2ff9bac6bb2-cc_ft_576.jpg
4369,https://photos.zillowstatic.com/fp/908b53d8cc61ad5282869e5822bcb7f2-cc_ft_960.jpg
4369,https://photos.zillowstatic.com/fp/8a43455a12a420b8120bd79588f8bff4-cc_ft_576.jpg
4369,https://photos.zillowstatic.com/fp/62b3fc9118e1af9f3d5d563ccb470e80-cc_ft_576.jpg
4369,https://photos.zillowstatic.com/fp/17e2afec84eb9e6317601e0056011113-cc_ft_960.jpg
4369,https://photos.zillowstatic.com/fp/23529e1d97ad6f59c75403b837702521-cc_ft_576.jpg
4369,https://photos.zillowstatic.com/fp/fcfc8794b79390cd556c687a90eac9e0-cc_ft_576.jpg
4369,https://photos.zillowstatic.com/fp/232e9a8d2bdc6492aebe746ce589822a-cc_ft_960.jpg
4369,https://photos.zillowstatic.com/fp/d7ba2fc5082867c03f153618e5464c65-cc_ft_576.jpg
4369,https://photos.zillowstatic.com/fp/f3b072c40c32c247fff65c88d1bca949-cc_ft_576.jpg
4369,https://photos.zillowstatic.com/fp/23dff501622904390a8bdc26b4c90cc7-cc_ft_960.jpg
4369,https://photos.zillowstatic.com/fp/fabb5c7b7431c5027e89023a356751e7-cc_ft_576.jpg
4369,https://photos.zillowstatic.com/fp/8c3e8511fc85f2fad52796d17f1d503c-cc_ft_576.jpg
4369,https://photos.zillowstatic.com/fp/07a203a0262525f75e8e6fd4530f6d4f-cc_ft_960.jpg
4369,https://photos.zillowstatic.com/fp/54ff8b858ed53225165fd99b6bb08739-cc_ft_576.jpg
4369,https://photos.zillowstatic.com/fp/54158406bbff35066570491b7d7566e3-cc_ft_576.jpg
4030,https://photos.zillowstatic.com/fp/730e0cf218fd5049687b4039442c9ae1-cc_ft_960.jpg
4030,https://photos.zillowstatic.com/fp/c55d8014eb2a5aec9330eb058c27153e-cc_ft_576.jpg
4030,https://photos.zillowstatic.com/fp/ff375683588155338ccffbaa928f2801-cc_ft_576.jpg
4030,https://photos.zillowstatic.com/fp/c03e3ec273897a8cf10b8aa192c6b869-cc_ft_960.jpg
4030,https://photos.zillowstatic.com/fp/0d6b5744d4ca32f395fd13d0c254dfb3-cc_ft_576.jpg
4030,https://photos.zillowstatic.com/fp/b87872b1e9aeb7015daf4f7b82be7e49-cc_ft_576.jpg
4030,https://photos.zillowstatic.com/fp/8f931d240c788f2b88a085f1f6473193-cc_ft_960.jpg
4030,https://photos.zillowstatic.com/fp/04f3c4c006884b829030161cdc0ec0b9-cc_ft_576.jpg
4030,https://photos.zillowstatic.com/fp/d8b3667cdce5d71b6ab80470413b2b37-cc_ft_576.jpg
4030,https://photos.zillowstatic.com/fp/e1d9cdb1e945e99a3fdce9043a417a4c-cc_ft_960.jpg
4030,https://photos.zillowstatic.com/fp/cc239d6d163f62b318e04786cdea24db-cc_ft_576.jpg
4030,https://photos.zillowstatic.com/fp/780a642d9e57d7c13df1228fbb2f7793-cc_ft_576.jpg
4030,https://photos.zillowstatic.com/fp/ad43a26b37ce0af38d0d1ba451f4e16c-cc_ft_960.jpg
4030,https://photos.zillowstatic.com/fp/9a4c9886c6afc00e4caed00acc915b6c-cc_ft_576.jpg
4030,https://photos.zillowstatic.com/fp/1076465b0baa93650f2506578de2dadc-cc_ft_576.jpg
4030,https://photos.zillowstatic.com/fp/29e3948c5e8c86425a276b23667fdcf9-cc_ft_960.jpg
4030,https://photos.zillowstatic.com/fp/ecab34923641e3b5547d46c0ef2b68e6-cc_ft_576.jpg
4030,https://photos.zillowstatic.com/fp/466d5fa1c2e7adf274b27ac4fd46d1e4-cc_ft_576.jpg
4030,https://photos.zillowstatic.com/fp/74e75b8cb290fc351c3c73ac10eb9855-cc_ft_960.jpg
4030,https://photos.zillowstatic.com/fp/e1e2b6d3b404c2376bfa76a0f2bcaae5-cc_ft_576.jpg
4030,https://photos.zillowstatic.com/fp/9bbf4ae06f0359ef202f30664abd115f-cc_ft_576.jpg
4030,https://photos.zillowstatic.com/fp/cab3f047e9b1d9e4289c574491655b66-cc_ft_960.jpg
4030,https://photos.zillowstatic.com/fp/282a6a53e5e1d0f34632c8414be92fa4-cc_ft_576.jpg
4030,https://photos.zillowstatic.com/fp/4dfa279d79c04e51df8096560e650c4c-cc_ft_576.jpg
429,https://photos.zillowstatic.com/fp/27ecdf1544c07a5ce4acd86b733c4626-cc_ft_960.jpg
429,https://photos.zillowstatic.com/fp/e67396c392812a8ec2946e5a34788186-cc_ft_576.jpg
429,https://photos.zillowstatic.com/fp/9a7792d6a024346edf04bee0a83c6df5-cc_ft_576.jpg
429,https://photos.zillowstatic.com/fp/81824b695f365ec9ad3921f81b119628-cc_ft_960.jpg
429,https://photos.zillowstatic.com/fp/959440d045514f91dd138ded876b132f-cc_ft_576.jpg
429,https://photos.zillowstatic.com/fp/2cef18b072e97c050bd6c7f7f4e82bf4-cc_ft_576.jpg
429,https://photos.zillowstatic.com/fp/41a02591c19c0b95cbe0614ba683916b-cc_ft_960.jpg
429,https://photos.zillowstatic.com/fp/6cb19328d7c6c3a49a2101b48ff08158-cc_ft_576.jpg
429,https://photos.zillowstatic.com/fp/a89540818fc04f8afbea5fda28737c09-cc_ft_576.jpg
429,https://photos.zillowstatic.com/fp/8702257b9eb156fdc638fe8c65e86f01-cc_ft_960.jpg
429,https://photos.zillowstatic.com/fp/9add3e69f2ed8458ac55c92edcf50c4f-cc_ft_576.jpg
429,https://photos.zillowstatic.com/fp/8b3aa655e504776c8c6de0c8b1e16ff6-cc_ft_576.jpg
429,https://photos.zillowstatic.com/fp/a606f31957dc553e9cf02a960e5cde8e-cc_ft_960.jpg
429,https://photos.zillowstatic.com/fp/e0ca3394026d6c4f0c8cb6718fa3eaee-cc_ft_576.jpg
429,https://photos.zillowstatic.com/fp/2e7e209db83c5fef39cd3f0885306d4d-cc_ft_576.jpg
429,https://photos.zillowstatic.com/fp/949867e9bc3aee4f0b34957782951d04-cc_ft_960.jpg
429,https://photos.zillowstatic.com/fp/bf73742273585fe32dc922a194a95525-cc_ft_576.jpg
429,https://photos.zillowstatic.com/fp/984d137c9708f4d2375f95edf17f9109-cc_ft_576.jpg
429,https://photos.zillowstatic.com/fp/b3895bb917ee97f81e724dc1b1937be9-cc_ft_960.jpg
429,https://photos.zillowstatic.com/fp/e868d6e330cdbd9218df1f8a09c5ed2e-cc_ft_576.jpg
429,https://photos.zillowstatic.com/fp/4f8a4fe2780eeece78ab16ee12763946-cc_ft_576.jpg
429,https://photos.zillowstatic.com/fp/4efd486edc740a409e7e4570f9bc9153-cc_ft_960.jpg
429,https://photos.zillowstatic.com/fp/52a15a95ff94dfd234b2dddef56a34f1-cc_ft_576.jpg
429,https://photos.zillowstatic.com/fp/ebf04cdb2dac2b0ff51e5700ff572934-cc_ft_576.jpg
429,https://photos.zillowstatic.com/fp/b938a4b6155641d6bab6a9b1d2bb2079-cc_ft_960.jpg
429,https://photos.zillowstatic.com/fp/0cbc8f0b39f9860415a7025f299344bb-cc_ft_576.jpg
429,https://photos.zillowstatic.com/fp/2defdf7d48c72476f17e98083840e2ce-cc_ft_576.jpg
429,https://photos.zillowstatic.com/fp/8f4d2e08bba68d0190d8d660b82995dd-cc_ft_960.jpg
429,https://photos.zillowstatic.com/fp/ebee9c0e7766152c5b50646d8600b7b7-cc_ft_576.jpg
429,https://photos.zillowstatic.com/fp/f627d16f66c048203f97b32319f5fbe1-cc_ft_576.jpg
429,https://photos.zillowstatic.com/fp/d6b732d2b9533d80dff087521d86c37d-cc_ft_960.jpg
2917,https://photos.zillowstatic.com/fp/8a8892715fcfe329d0b8120b1d4c94a3-cc_ft_960.jpg
2917,https://photos.zillowstatic.com/fp/f3a7835f8fd06871b650a760fcf379dd-cc_ft_576.jpg
2917,https://photos.zillowstatic.com/fp/814f2d22a07b14fa3416df297969ac39-cc_ft_576.jpg
2917,https://photos.zillowstatic.com/fp/8d3b7f3ed278508fb55e183a0ce2c7f9-cc_ft_960.jpg
2917,https://photos.zillowstatic.com/fp/afefdfce2e91be942d3ef5ce62f9ca82-cc_ft_576.jpg
2917,https://photos.zillowstatic.com/fp/dd5bbc1b31d0f388ce73418c42fad9c2-cc_ft_576.jpg
2917,https://photos.zillowstatic.com/fp/76826c21806b23ac1d7312a5e77b8689-cc_ft_960.jpg
2917,https://photos.zillowstatic.com/fp/2caca66ce176dd5b374a77552d771c19-cc_ft_576.jpg
2917,https://photos.zillowstatic.com/fp/723356b2dc5b6cebab98d52141230b02-cc_ft_576.jpg
2917,https://photos.zillowstatic.com/fp/ab1c1f2ebe193fc4e2eb6bceb665c3fc-cc_ft_960.jpg
2917,https://photos.zillowstatic.com/fp/d936cc92d765dc7c00a5c986bbdfb7a7-cc_ft_576.jpg
2917,https://photos.zillowstatic.com/fp/8ddfe7132d8d88695c2a186178cc525b-cc_ft_576.jpg
2917,https://photos.zillowstatic.com/fp/a7a4150390433fb3b9fe41923a1193c0-cc_ft_960.jpg
2917,https://photos.zillowstatic.com/fp/6e203967c9c826050709bf4cdf010420-cc_ft_576.jpg
2917,https://photos.zillowstatic.com/fp/c196155050e6733581073866d5700b71-cc_ft_576.jpg
2917,https://photos.zillowstatic.com/fp/8fd586ed5a2a080e621f52d0f87ade06-cc_ft_960.jpg
2917,https://photos.zillowstatic.com/fp/2afd3b012e595f2b283f121841e712c4-cc_ft_576.jpg
2917,https://photos.zillowstatic.com/fp/a3099c64459687085141f81dd46f7a5a-cc_ft_576.jpg
2917,https://photos.zillowstatic.com/fp/d185f8ef00e1f7faba581747815ef3b7-cc_ft_960.jpg
2917,https://photos.zillowstatic.com/fp/d6db0fc4bbb4a0b13baaa223f5002037-cc_ft_576.jpg
2917,https://photos.zillowstatic.com/fp/84ec4a3c2f86d78b4e0f962927b8a541-cc_ft_576.jpg
2917,https://photos.zillowstatic.com/fp/d0deaccadbd455af36ef8ba09f7085bb-cc_ft_960.jpg
2917,https://photos.zillowstatic.com/fp/2c9df2fba1d0a56618391017058d9cbe-cc_ft_576.jpg
2917,https://photos.zillowstatic.com/fp/220e8d761213b3a5febe04654a51c49f-cc_ft_576.jpg
2917,https://photos.zillowstatic.com/fp/2b8b15685304b44baeb20825457bc3f2-cc_ft_960.jpg
2917,https://photos.zillowstatic.com/fp/7aacdff3fc759d696644d0b2dbe5fd87-cc_ft_576.jpg
2917,https://photos.zillowstatic.com/fp/397daeeb7529fc6c635db0a97240aa56-cc_ft_576.jpg
2917,https://photos.zillowstatic.com/fp/32aa5ce2504e6ea7f5a1595908b08d29-cc_ft_960.jpg
2917,https://photos.zillowstatic.com/fp/b887f42dd6ea87b5ce29206758384dfe-cc_ft_960.jpg
2972,https://photos.zillowstatic.com/fp/f7e58f9d024e4c2348fa4ac9e9b85c52-cc_ft_960.jpg
2972,https://photos.zillowstatic.com/fp/e7881d47ae7073ddc0f7ad434d114872-cc_ft_576.jpg
2972,https://photos.zillowstatic.com/fp/f907110400adc668a807640b0c031f0c-cc_ft_576.jpg
2972,https://photos.zillowstatic.com/fp/b0d66750244eaadfbb649c23f7267048-cc_ft_960.jpg
2972,https://photos.zillowstatic.com/fp/9e15426614f850a286970da66e8ade57-cc_ft_576.jpg
2972,https://photos.zillowstatic.com/fp/a3913564aa8bceed7983331c7fdc2293-cc_ft_576.jpg
2972,https://photos.zillowstatic.com/fp/6276c8c38346e2812a3f89cdbfb1e4d1-cc_ft_960.jpg
2972,https://photos.zillowstatic.com/fp/e6a94d49d3a1304055921ba45554db7e-cc_ft_576.jpg
2972,https://photos.zillowstatic.com/fp/592380ebd41b0f06177ffb49d6bcf4d2-cc_ft_576.jpg
2972,https://photos.zillowstatic.com/fp/fe8d105774bdbab5048e6ff1e476737b-cc_ft_960.jpg
2972,https://photos.zillowstatic.com/fp/6094b3e9f02592a81641b27b8552e6b3-cc_ft_576.jpg
2972,https://photos.zillowstatic.com/fp/054938cb83d5383ce83b438cf3cc177f-cc_ft_576.jpg
2972,https://photos.zillowstatic.com/fp/31fc08907c5a855c5914c1d256b894c8-cc_ft_960.jpg
2972,https://photos.zillowstatic.com/fp/a0e86d9293d150e6946fc81efd45db51-cc_ft_576.jpg
2972,https://photos.zillowstatic.com/fp/4561b9f9c5e50ad1cdf8ef63dfc51683-cc_ft_576.jpg
2972,https://photos.zillowstatic.com/fp/7679422ec1f0eedc652bd3d631038262-cc_ft_960.jpg
2972,https://photos.zillowstatic.com/fp/6b5fc9f8b29ca68dd7aea5abfad6437d-cc_ft_576.jpg
2972,https://photos.zillowstatic.com/fp/87edd88683700688d3c39f7f4132e5d6-cc_ft_576.jpg
2972,https://photos.zillowstatic.com/fp/bcb965252e267f4c25323e7eabff10e1-cc_ft_960.jpg
2972,https://photos.zillowstatic.com/fp/99ff7279ac7c744bde7a03711ec594cc-cc_ft_576.jpg
2972,https://photos.zillowstatic.com/fp/b9e9132f61ee3149ecadd9123b01e259-cc_ft_576.jpg
2972,https://photos.zillowstatic.com/fp/4ccccb64d426bdeac768077cc1689f38-cc_ft_960.jpg
2972,https://photos.zillowstatic.com/fp/14fa32b98a567f53ad2c68e722e497c9-cc_ft_576.jpg
2972,https://photos.zillowstatic.com/fp/9af2c70d9f569125c881b723b73c50bf-cc_ft_576.jpg
2972,https://photos.zillowstatic.com/fp/b76b4a2012b170cca711f6e61f28496d-cc_ft_960.jpg
2972,https://photos.zillowstatic.com/fp/88e5a2c84cdc46004fd28d5ea41ae04a-cc_ft_576.jpg
2972,https://photos.zillowstatic.com/fp/5158a5d1ee75bba7609c5199cce4d8dc-cc_ft_576.jpg
2972,https://photos.zillowstatic.com/fp/d6bd0735fcc3d1b19a6865031e9c5f6c-cc_ft_960.jpg
2972,https://photos.zillowstatic.com/fp/e011ae9a92b37eee4e4632ec6920809a-cc_ft_576.jpg
2972,https://photos.zillowstatic.com/fp/ca6e17cc850bc22642445192c45052fc-cc_ft_576.jpg
2972,https://photos.zillowstatic.com/fp/6dd94e598565895b4615f7634548a9b4-cc_ft_960.jpg
2972,https://photos.zillowstatic.com/fp/4744ec44115c0f6e0dd6fafd1b71fb21-cc_ft_576.jpg
2972,https://photos.zillowstatic.com/fp/1a6f4964b8e4ca4b50404379361e1871-cc_ft_576.jpg
2068,https://photos.zillowstatic.com/fp/25642884efd8d243caf0371d98a18283-cc_ft_960.jpg
2068,https://photos.zillowstatic.com/fp/c7aa46a59dac697b65396308c5b104aa-cc_ft_576.jpg
2068,https://photos.zillowstatic.com/fp/fd2ad0d6c655db19f85b923dd6511cf6-cc_ft_576.jpg
2068,https://photos.zillowstatic.com/fp/a94e2ddb2becf50465ef8bba88ff4c92-cc_ft_960.jpg
2068,https://photos.zillowstatic.com/fp/8284f8e4030fbf253c1626e81df5626c-cc_ft_576.jpg
2068,https://photos.zillowstatic.com/fp/fe978b28690e88af5bfc5d525771ef93-cc_ft_576.jpg
4323,https://photos.zillowstatic.com/fp/b701a5f3a66d7adb26f1802deccb75e5-cc_ft_960.jpg
4323,https://photos.zillowstatic.com/fp/9360c0403c3405ad7cfbda67b150cc5b-cc_ft_576.jpg
4323,https://photos.zillowstatic.com/fp/3f95e4fc0823b49ddf42277102848c0a-cc_ft_576.jpg
4323,https://photos.zillowstatic.com/fp/60dbfd241de0370794d4a2d0cac51048-cc_ft_960.jpg
4323,https://photos.zillowstatic.com/fp/dd018115efcc7fe98e0655d558d71dea-cc_ft_576.jpg
4323,https://photos.zillowstatic.com/fp/3014cbbba8074399752e3ade82802fab-cc_ft_576.jpg
4323,https://photos.zillowstatic.com/fp/0823b1dbafbdf1a889390294d04f38bb-cc_ft_960.jpg
4323,https://photos.zillowstatic.com/fp/d7cea0aaa86a8041b050b8c9e41c85c3-cc_ft_576.jpg
4323,https://photos.zillowstatic.com/fp/d88843aa36e9d262d55e781e2e704de6-cc_ft_576.jpg
4323,https://photos.zillowstatic.com/fp/736706df6b2b0c5a84b91e79a4d8f41b-cc_ft_960.jpg
4323,https://photos.zillowstatic.com/fp/0c2de9d1e3c945c4370f253cfd178c0a-cc_ft_576.jpg
4323,https://photos.zillowstatic.com/fp/15d478d283c4a0d848c668501043bcaa-cc_ft_576.jpg
4323,https://photos.zillowstatic.com/fp/dd0dde03a5aacf3e92006e73c9373c15-cc_ft_960.jpg
4323,https://photos.zillowstatic.com/fp/3b9b72daa07fa2f2600088782ffd0f59-cc_ft_576.jpg
4323,https://photos.zillowstatic.com/fp/ced53311be4cd16e41f586f1b29e8e09-cc_ft_576.jpg
4323,https://photos.zillowstatic.com/fp/3413dd0471d82839a01de6dfad80e9c1-cc_ft_960.jpg
4323,https://photos.zillowstatic.com/fp/553af4a0091f6df7cadf6588f8ace333-cc_ft_576.jpg
4323,https://photos.zillowstatic.com/fp/9a73a8bba5b7d0cdc53ac0be592529ea-cc_ft_576.jpg
4323,https://photos.zillowstatic.com/fp/e402f9b31c3ecd7619c0cbc2e6842bc7-cc_ft_960.jpg
4323,https://photos.zillowstatic.com/fp/4870c1b74ff370f1f14a8655b9de5794-cc_ft_576.jpg
4323,https://photos.zillowstatic.com/fp/a014072dd535fec490b1d5110dd44cae-cc_ft_576.jpg
4323,https://photos.zillowstatic.com/fp/a58aedcaa05973422fb2c2e5cd1d180c-cc_ft_960.jpg
4323,https://photos.zillowstatic.com/fp/bd5170909546d1316bec10ac2eb78466-cc_ft_576.jpg
4323,https://photos.zillowstatic.com/fp/fa40d68622285086490822a2842f229d-cc_ft_576.jpg
4323,https://photos.zillowstatic.com/fp/2a095ef8abe1953b1dd34620916757a4-cc_ft_960.jpg
4323,https://photos.zillowstatic.com/fp/7a2976e99577a802c4ec4d9dd8af7751-cc_ft_576.jpg
4323,https://photos.zillowstatic.com/fp/d7f76f340e993750f8f0dc1cc138a092-cc_ft_576.jpg
4323,https://photos.zillowstatic.com/fp/5bd0596150eb72903307e426f6630396-cc_ft_960.jpg
4323,https://photos.zillowstatic.com/fp/d1f9a83e99fb23d60a9f39e8608ce033-cc_ft_576.jpg
4323,https://photos.zillowstatic.com/fp/21df5a7dfe71c444986f59281c81b790-cc_ft_576.jpg
4323,https://photos.zillowstatic.com/fp/b9697107aa48423cff56a1991cd7c838-cc_ft_960.jpg
4323,https://photos.zillowstatic.com/fp/99dc771e93f8fe9f72db4a31ed4d6bf0-cc_ft_576.jpg
4323,https://photos.zillowstatic.com/fp/05efcc595378ea444780172a6f53ff1c-cc_ft_576.jpg
4323,https://photos.zillowstatic.com/fp/2f1a5dfe2dc87b58e5c28c8981d9a9e1-cc_ft_960.jpg
1423,https://photos.zillowstatic.com/fp/7010299d0dcee6f5cf6b2623655c1b03-cc_ft_960.jpg
1423,https://photos.zillowstatic.com/fp/a1ec74bf3422cedf5fa6588a4e2f6a48-cc_ft_576.jpg
1423,https://photos.zillowstatic.com/fp/1a05fda9f1d0cdf6ca244ce4e515ac73-cc_ft_576.jpg
1423,https://photos.zillowstatic.com/fp/f16b8ec90703acecff0e758830ac149f-cc_ft_960.jpg
1423,https://photos.zillowstatic.com/fp/ddccaf163ae2c48dccd6f7bedfc57d40-cc_ft_576.jpg
1423,https://photos.zillowstatic.com/fp/aee32f11abb3392db4309e9ac1e8a11d-cc_ft_576.jpg
1423,https://photos.zillowstatic.com/fp/b25dedb5a384e0fd80427e17428a1fe9-cc_ft_960.jpg
1423,https://photos.zillowstatic.com/fp/734fb61343e69169e88ad202ade3e735-cc_ft_576.jpg
1423,https://photos.zillowstatic.com/fp/087609348faa059068b37a20acbbe361-cc_ft_576.jpg
1423,https://photos.zillowstatic.com/fp/86cc4bc2fc00411fde27271181804167-cc_ft_960.jpg
1423,https://photos.zillowstatic.com/fp/9c968234f41be5eeb490cbde5c05ff8b-cc_ft_960.jpg
1242,https://photos.zillowstatic.com/fp/b1d67fcf65f192ec1b710e76e89f0ecd-cc_ft_960.jpg
1242,https://photos.zillowstatic.com/fp/aa9dd801fa3c67e00377b8c578a2d202-cc_ft_576.jpg
1242,https://photos.zillowstatic.com/fp/7fcf6d57a9eaecf844cd2d95aa013fbe-cc_ft_576.jpg
1242,https://photos.zillowstatic.com/fp/e04c9fc7cfa943dbd608f2fd8395107c-cc_ft_960.jpg
1242,https://photos.zillowstatic.com/fp/f3718368b2b2354da3fb12c1715ac4e8-cc_ft_576.jpg
1242,https://photos.zillowstatic.com/fp/b4f1c12cc08f766bb2c288b6f54067e8-cc_ft_576.jpg
1242,https://photos.zillowstatic.com/fp/db3ed576e5109570db353d761a335156-cc_ft_960.jpg
1242,https://photos.zillowstatic.com/fp/9ebc48c4f599e961b54ef1480445fe2a-cc_ft_576.jpg
1242,https://photos.zillowstatic.com/fp/127a46b70acff078eea94ae918c53c12-cc_ft_576.jpg
1242,https://photos.zillowstatic.com/fp/4bf32fff59e2aa0b74842dd6a39ebecd-cc_ft_960.jpg
1242,https://photos.zillowstatic.com/fp/91b8967ca9d12895ec777a18cde47a57-cc_ft_576.jpg
1242,https://photos.zillowstatic.com/fp/54fda38e02b016af4e736f2f4b500c73-cc_ft_576.jpg
1242,https://photos.zillowstatic.com/fp/cbdc9c4a45ff9737d79879f03040849f-cc_ft_960.jpg
1242,https://photos.zillowstatic.com/fp/fd26c44bc749d097fa3607b6dae5257e-cc_ft_576.jpg
1242,https://photos.zillowstatic.com/fp/4e4828243dfc7aefc2284b9b67d109f6-cc_ft_576.jpg
1242,https://photos.zillowstatic.com/fp/efb16293cd1f091898206f617df3ba0a-cc_ft_960.jpg
4249,https://photos.zillowstatic.com/fp/fb2b1ebb1f9a40d8dad7064e712abbcf-cc_ft_960.jpg
4249,https://photos.zillowstatic.com/fp/9d53f84b6a5214b42eaaa1ae0cc5ea33-cc_ft_576.jpg
4249,https://photos.zillowstatic.com/fp/8a4e61dbf8e37fc715b5fdac02848b33-cc_ft_576.jpg
4249,https://photos.zillowstatic.com/fp/b2c15867e9157dfec7dffbefdc18b274-cc_ft_960.jpg
4249,https://photos.zillowstatic.com/fp/8e247aa2e79cdb3001c062f02beb0471-cc_ft_576.jpg
4249,https://photos.zillowstatic.com/fp/c8b0a5132b2a6974a03431fb97e6179a-cc_ft_576.jpg
4249,https://photos.zillowstatic.com/fp/d046674fbaf1570ca4b6307dd9dc2480-cc_ft_960.jpg
4249,https://photos.zillowstatic.com/fp/bf439d1ff346e50536c1b781ec6fc6b9-cc_ft_576.jpg
4249,https://photos.zillowstatic.com/fp/e9336f55d2667db2198d747664732b80-cc_ft_576.jpg
4249,https://photos.zillowstatic.com/fp/4a5650760a72cdd50c29f9cf680959d1-cc_ft_960.jpg
4249,https://photos.zillowstatic.com/fp/ead70c8b4978a7939cdfeadf84c078ed-cc_ft_576.jpg
4249,https://photos.zillowstatic.com/fp/6ae8b88c42cda69ff5b3045a5c1aa6b1-cc_ft_576.jpg
4249,https://photos.zillowstatic.com/fp/5e5ac734e7e15f6220f588867c25e04c-cc_ft_960.jpg
4249,https://photos.zillowstatic.com/fp/004bc0510c6437d7dcd7b7c60e51f221-cc_ft_576.jpg
4249,https://photos.zillowstatic.com/fp/927889066a28828bb20bff241bb4b36b-cc_ft_576.jpg
4712,https://photos.zillowstatic.com/fp/ac5b322e3490db5c9c2d67ae4dc7eedf-cc_ft_960.jpg
4712,https://photos.zillowstatic.com/fp/69690bd5176d0a95740acaceddd1938e-cc_ft_960.jpg
75,https://photos.zillowstatic.com/fp/43a9411b3356da245cd77a7d94dc78ff-cc_ft_960.jpg
75,https://photos.zillowstatic.com/fp/7096689db952f21962b662f9c1fbd604-cc_ft_576.jpg
75,https://photos.zillowstatic.com/fp/8698cb14d0dd3ac8cf71f474f0887e03-cc_ft_576.jpg
75,https://photos.zillowstatic.com/fp/090cb45546daad057c5d2240a194db78-cc_ft_960.jpg
75,https://photos.zillowstatic.com/fp/83349f6dc0b7dfa25c1f13e0ff19bd88-cc_ft_576.jpg
75,https://photos.zillowstatic.com/fp/13d54eb963ca78c81db5f6604f176b51-cc_ft_576.jpg
75,https://photos.zillowstatic.com/fp/eb97a5e8deb18ef347452d3c5728a718-cc_ft_960.jpg
75,https://photos.zillowstatic.com/fp/99b1f658cbbfc7ff6366b1f823ccea04-cc_ft_576.jpg
75,https://photos.zillowstatic.com/fp/431d5a4e711ac651e73e181bdc1b4944-cc_ft_576.jpg
75,https://photos.zillowstatic.com/fp/d884d6ef6e223ccca3e696f0e914041a-cc_ft_960.jpg
75,https://photos.zillowstatic.com/fp/7c7cd7a09953afb1733b1edfd5fc1118-cc_ft_576.jpg
75,https://photos.zillowstatic.com/fp/b45681b4dc17a6c1f11ff1829d81eaa0-cc_ft_576.jpg
75,https://photos.zillowstatic.com/fp/54d5c206dbad597365a532503d4bdc6a-cc_ft_960.jpg
75,https://photos.zillowstatic.com/fp/238288ad7f3f1e07af55ba2ce45b9f09-cc_ft_576.jpg
75,https://photos.zillowstatic.com/fp/ed9e9251e31eff059d15448805cba5d4-cc_ft_576.jpg
2733,https://photos.zillowstatic.com/fp/6fdf7aeaac20a1b2595e3d92e16df98e-cc_ft_960.jpg
2733,https://photos.zillowstatic.com/fp/6a61d4fcf994c29f1c385a197f6654e0-cc_ft_576.jpg
2733,https://photos.zillowstatic.com/fp/69a4607ce1fbd9e629afad4fd4133682-cc_ft_576.jpg
2733,https://photos.zillowstatic.com/fp/15ebf2d07ce698f369d3d305dac96266-cc_ft_960.jpg
2733,https://photos.zillowstatic.com/fp/a1fecce63b4a6120b5515c3ea2f777a9-cc_ft_576.jpg
2733,https://photos.zillowstatic.com/fp/ce9256c1c5929c6bc2a4a9ff84316c27-cc_ft_576.jpg
2733,https://photos.zillowstatic.com/fp/262694bd20c45510a7753c986d34ca4f-cc_ft_960.jpg
2733,https://photos.zillowstatic.com/fp/9d3dd4f228cc53fcae4e165fe2f6577e-cc_ft_576.jpg
2733,https://photos.zillowstatic.com/fp/9cd86e342f5b0d83562e4f51c0cbf635-cc_ft_576.jpg
2733,https://photos.zillowstatic.com/fp/2eee60a17f70f78818b2f6584a41a219-cc_ft_960.jpg
2733,https://photos.zillowstatic.com/fp/a7bdc36ebad788dbc4e6473982ae38f2-cc_ft_576.jpg
2733,https://photos.zillowstatic.com/fp/c646e08273ebc696a34697ace735a3cd-cc_ft_576.jpg
2733,https://photos.zillowstatic.com/fp/ce6d60b9f984ebb4086efeed6382b1ab-cc_ft_960.jpg
2733,https://photos.zillowstatic.com/fp/891b610825153d7507d077e2f6df5bb5-cc_ft_576.jpg
2733,https://photos.zillowstatic.com/fp/03e467e6552b5a9640101484d5f1d2c0-cc_ft_576.jpg
2733,https://photos.zillowstatic.com/fp/aa5bc70567223c38a4c0d1607a6ca978-cc_ft_960.jpg
2733,https://photos.zillowstatic.com/fp/685a5079f8a222097e57718be9723813-cc_ft_576.jpg
2733,https://photos.zillowstatic.com/fp/7014d38d3d00a6676a164e78a767190e-cc_ft_576.jpg
2733,https://photos.zillowstatic.com/fp/573e7515989f5ecc35ef4f65d5f5ade8-cc_ft_960.jpg
2733,https://photos.zillowstatic.com/fp/4ca08cd15ec3574298ed1e33877a86df-cc_ft_576.jpg
2733,https://photos.zillowstatic.com/fp/a2731d0bb3a08bdad1344c29ad4941e9-cc_ft_576.jpg
2733,https://photos.zillowstatic.com/fp/f77394a5c8c86e6d2f3cea758171b0ed-cc_ft_960.jpg
2733,https://photos.zillowstatic.com/fp/088b96bc6ef0f840c455176df13dd408-cc_ft_576.jpg
2733,https://photos.zillowstatic.com/fp/acb5b91c545b28832b51f50b21e35e0d-cc_ft_576.jpg
2733,https://photos.zillowstatic.com/fp/83b1fd0f3c5b9c7b4f7601a644717f2c-cc_ft_960.jpg
2733,https://photos.zillowstatic.com/fp/16b79c1643fee86db370ad090a0009e7-cc_ft_576.jpg
2733,https://photos.zillowstatic.com/fp/372ebbaf695e0242bc49444462bcc6b4-cc_ft_576.jpg
2733,https://photos.zillowstatic.com/fp/8c3e9362a4344a82d87e6238a9271124-cc_ft_960.jpg
2733,https://photos.zillowstatic.com/fp/43f42681434def56be923be8daff547b-cc_ft_576.jpg
2733,https://photos.zillowstatic.com/fp/77c86cb1af3e85ee96ec5b937380671e-cc_ft_576.jpg
2733,https://photos.zillowstatic.com/fp/5674ce0ea495553981e918f9bd7b6532-cc_ft_960.jpg
2733,https://photos.zillowstatic.com/fp/b5e65a30f4baa76ad59c1d914dd606f4-cc_ft_576.jpg
2733,https://photos.zillowstatic.com/fp/31015207adb66813c2a77e6414274bf7-cc_ft_576.jpg
